{
  "results": [
    {
      "command": "docker --context lima-docker run --rm --cpus 4 --memory 4g bench:latest true",
      "mean": 0.16142626866999998,
      "stddev": 0.008473648192872676,
      "median": 0.15977269132,
      "user": 0.005520369999999998,
      "system": 0.004426489999999999,
      "min": 0.15097362882,
      "max": 0.17889679582,
      "times": [
        0.15284450482,
        0.15910550482,
        0.17382433782,
        0.16749600382,
        0.16890679582,
        0.16089779582,
        0.15104004582,
        0.16015637882,
        0.16737850382,
        0.15291392082,
        0.17367608682,
        0.16389254582,
        0.15938900381999999,
        0.15305329582,
        0.16803750382,
        0.15097362882,
        0.17889679582,
        0.15815987882,
        0.15614979582,
        0.15173304582
      ],
      "memory_usage_byte": [
        27164672,
        27164672,
        27164672,
        27164672,
        27164672,
        27164672,
        27164672,
        27164672,
        27164672,
        27164672,
        27164672,
        27164672,
        27164672,
        27164672,
        27164672,
        27164672,
        27164672,
        27164672,
        27164672,
        27164672
      ],
      "exit_codes": [
        0,
        0,
        0,
        0,
        0,
        0,
        0,
        0,
        0,
        0,
        0,
        0,
        0,
        0,
        0,
        0,
        0,
        0,
        0,
        0
      ]
    }
  ]
}
