{
  "results": [
    {
      "command": "container run --rm --cpus 4 --memory 4G bench:latest true",
      "mean": 0.7092707666000001,
      "stddev": 0.05432045983743155,
      "median": 0.6964792334000001,
      "user": 0.0267199,
      "system": 0.009651490000000002,
      "min": 0.6694694839,
      "max": 0.9269065669000001,
      "times": [
        0.7121643159000001,
        0.7168724419000001,
        0.6801959829,
        0.6694694839,
        0.6847054829000001,
        0.7448296089,
        0.6817516909000001,
        0.6978243579000001,
        0.9269065669000001,
        0.6958230669000001,
        0.7001082339000001,
        0.7122838999000001,
        0.7054166919000001,
        0.7261982329000001,
        0.6779053999000001,
        0.6942572749000001,
        0.6920090249,
        0.6876920249,
        0.6818661499,
        0.6971353999000001
      ],
      "memory_usage_byte": [
        37912576,
        37912576,
        37978112,
        37978112,
        37978112,
        37978112,
        37978112,
        37978112,
        37978112,
        37978112,
        37978112,
        37978112,
        37978112,
        37978112,
        37978112,
        37978112,
        37978112,
        37978112,
        37978112,
        37978112
      ],
      "exit_codes": [
        0,
        0,
        0,
        0,
        0,
        0,
        0,
        0,
        0,
        0,
        0,
        0,
        0,
        0,
        0,
        0,
        0,
        0,
        0,
        0
      ]
    }
  ]
}
