{
  "results": [
    {
      "command": "docker --context colima run --rm --cpus 4 --memory 4g bench:latest true",
      "mean": 0.12715030746000006,
      "stddev": 0.009386834997502709,
      "median": 0.12674291586,
      "user": 0.00558527,
      "system": 0.00450032,
      "min": 0.11129908286,
      "max": 0.14597641586000001,
      "times": [
        0.13426216586,
        0.11129908286,
        0.11690799886,
        0.13480187386,
        0.12202933286,
        0.13098670686,
        0.12496429086,
        0.13488166586,
        0.13307795686,
        0.14597641586000001,
        0.13090091586,
        0.12062933286000001,
        0.12701333286,
        0.11314399886,
        0.13557649886,
        0.12487254085999999,
        0.11265366586,
        0.13964854086,
        0.12647249886,
        0.12290733286
      ],
      "memory_usage_byte": [
        26968064,
        26968064,
        27033600,
        27033600,
        27033600,
        27033600,
        27033600,
        27033600,
        27033600,
        27033600,
        27033600,
        27033600,
        27377664,
        27377664,
        27377664,
        27377664,
        27377664,
        27377664,
        27377664,
        27377664
      ],
      "exit_codes": [
        0,
        0,
        0,
        0,
        0,
        0,
        0,
        0,
        0,
        0,
        0,
        0,
        0,
        0,
        0,
        0,
        0,
        0,
        0,
        0
      ]
    }
  ]
}
