{
  "results": [
    {
      "command": "docker --context apple-dockerd run --rm --cpus 4 --memory 4g bench:latest true",
      "mean": 0.14845298833,
      "stddev": 0.012318155031731405,
      "median": 0.15108187998,
      "user": 0.0094955,
      "system": 0.00816489,
      "min": 0.12577762998,
      "max": 0.16426412998,
      "times": [
        0.14164583798,
        0.15124375498,
        0.12810171398,
        0.15268300498,
        0.15235475498,
        0.16426412998,
        0.13383787998,
        0.14302275498,
        0.14881312998,
        0.12577762998,
        0.13208517198,
        0.16402858798,
        0.16315875498,
        0.14729392198,
        0.15432150498,
        0.13592229698,
        0.15373192098,
        0.16199958898,
        0.15092000498,
        0.16385342098
      ],
      "memory_usage_byte": [
        27033600,
        27033600,
        27033600,
        27033600,
        27115520,
        27115520,
        27148288,
        27148288,
        27148288,
        27148288,
        27148288,
        27246592,
        27328512,
        27328512,
        27328512,
        27328512,
        27328512,
        27328512,
        27328512,
        27328512
      ],
      "exit_codes": [
        0,
        0,
        0,
        0,
        0,
        0,
        0,
        0,
        0,
        0,
        0,
        0,
        0,
        0,
        0,
        0,
        0,
        0,
        0,
        0
      ]
    }
  ]
}
