{
  "results": [
    {
      "command": "container run --rm --cpus 4 --memory 4G bench:latest true",
      "mean": 0.75257450377,
      "stddev": 0.03670151865484923,
      "median": 0.7453928058200001,
      "user": 0.02709398,
      "system": 0.010498409999999998,
      "min": 0.70732536832,
      "max": 0.8563064933200001,
      "times": [
        0.8563064933200001,
        0.83249745232,
        0.7380388273200001,
        0.7625544513200001,
        0.7306262853200001,
        0.7274621183200001,
        0.7487283683200001,
        0.71485295132,
        0.72630903432,
        0.7500016183200001,
        0.7328012843200001,
        0.7553672013200001,
        0.72138607732,
        0.7676889523200001,
        0.7379416603200001,
        0.7707080343200001,
        0.7520481603200001,
        0.70732536832,
        0.7767884933200001,
        0.7420572433200001
      ],
      "memory_usage_byte": [
        38010880,
        38010880,
        38010880,
        38027264,
        38027264,
        38027264,
        38027264,
        38027264,
        38027264,
        38027264,
        38027264,
        38027264,
        38027264,
        38027264,
        38027264,
        38027264,
        38027264,
        38027264,
        38027264,
        38027264
      ],
      "exit_codes": [
        0,
        0,
        0,
        0,
        0,
        0,
        0,
        0,
        0,
        0,
        0,
        0,
        0,
        0,
        0,
        0,
        0,
        0,
        0,
        0
      ]
    }
  ]
}
