{
  "results": [
    {
      "command": "docker --context colima run --rm --cpus 4 --memory 4g bench:latest true",
      "mean": 0.12589318375,
      "stddev": 0.007431619435555488,
      "median": 0.125278198,
      "user": 0.00548838,
      "system": 0.00450937,
      "min": 0.11450090700000001,
      "max": 0.14120569900000002,
      "times": [
        0.12695699000000002,
        0.11774890700000001,
        0.115470365,
        0.125017615,
        0.12553878100000002,
        0.12642961500000002,
        0.122963865,
        0.12445019800000001,
        0.14120569900000002,
        0.134315407,
        0.13605849,
        0.123845073,
        0.13700249,
        0.129426698,
        0.11572849000000002,
        0.11450090700000001,
        0.126551407,
        0.124492407,
        0.11892582300000001,
        0.131234448
      ],
      "memory_usage_byte": [
        26951680,
        26951680,
        26951680,
        26984448,
        26984448,
        26984448,
        26984448,
        26984448,
        26984448,
        26984448,
        26984448,
        26984448,
        26984448,
        26984448,
        26984448,
        27115520,
        27115520,
        27115520,
        27115520,
        27115520
      ],
      "exit_codes": [
        0,
        0,
        0,
        0,
        0,
        0,
        0,
        0,
        0,
        0,
        0,
        0,
        0,
        0,
        0,
        0,
        0,
        0,
        0,
        0
      ]
    }
  ]
}
