{
  "results": [
    {
      "command": "docker --context apple-dockerd run --rm --cpus 4 --memory 4g bench:latest true",
      "mean": 0.14560323164999997,
      "stddev": 0.008143774722018465,
      "median": 0.14453176090000003,
      "user": 0.008975029999999998,
      "system": 0.0075016300000000005,
      "min": 0.1250133859,
      "max": 0.1595800109,
      "times": [
        0.1427446359,
        0.1440600109,
        0.1576758439,
        0.1561933859,
        0.1595800109,
        0.14230138590000002,
        0.1498032189,
        0.13766459390000002,
        0.1371270109,
        0.14934696890000002,
        0.1250133859,
        0.1405055529,
        0.1517569279,
        0.1477855519,
        0.1437650939,
        0.1489896779,
        0.1524275109,
        0.1385350519,
        0.14178530290000002,
        0.14500351090000002
      ],
      "memory_usage_byte": [
        26984448,
        26984448,
        26984448,
        26984448,
        26984448,
        26984448,
        26984448,
        26984448,
        26984448,
        26984448,
        26984448,
        26984448,
        26984448,
        26984448,
        26984448,
        26984448,
        26984448,
        26984448,
        26984448,
        27082752
      ],
      "exit_codes": [
        0,
        0,
        0,
        0,
        0,
        0,
        0,
        0,
        0,
        0,
        0,
        0,
        0,
        0,
        0,
        0,
        0,
        0,
        0,
        0
      ]
    }
  ]
}
