{
  "results": [
    {
      "command": "docker --context lima-docker run --rm --cpus 4 --memory 4g bench:latest true",
      "mean": 0.15990252957,
      "stddev": 0.008011362491075662,
      "median": 0.15833727312,
      "user": 0.005490320000000001,
      "system": 0.0044757300000000015,
      "min": 0.14801331462,
      "max": 0.17637035662000003,
      "times": [
        0.15794052262000002,
        0.17232056462,
        0.16247614862,
        0.14901268962000003,
        0.15790856562000002,
        0.17637035662000003,
        0.15394585662000002,
        0.15996169062,
        0.14873081462,
        0.15448073162,
        0.15633668962000002,
        0.17166339762000002,
        0.16212252362000001,
        0.15589639862000002,
        0.15873402362000003,
        0.15600106562000002,
        0.15979860662,
        0.16663119062,
        0.14801331462,
        0.16970543962
      ],
      "memory_usage_byte": [
        27115520,
        27115520,
        27115520,
        27115520,
        27115520,
        27115520,
        27115520,
        27115520,
        27115520,
        27115520,
        27115520,
        27115520,
        27115520,
        27115520,
        27115520,
        27115520,
        27115520,
        27115520,
        27115520,
        27115520
      ],
      "exit_codes": [
        0,
        0,
        0,
        0,
        0,
        0,
        0,
        0,
        0,
        0,
        0,
        0,
        0,
        0,
        0,
        0,
        0,
        0,
        0,
        0
      ]
    }
  ]
}
